Supplementary Table І,,,,,,,,,,,,,,,,,,
Detailed Informaion of Materials,,,,,,,,,,,,,,,,,,
No.,Chemical composition (wt%),,,,,,,Fabrication Processes,,,,,,,,,,
,Zn,Mg,Cu,Zr,Ti,Fe,Si,Casting Types,,Homogenization (℃/h),Extrusion,Solution Treatment (℃/h),Aging (℃/h),Tensile properties,,,Remarks,Specimens
,,,,,,,,Permanent mold,Billet,,O/X,,,YS (MPa),TS (MPa),EL (%),,
1,7.95 ,1.91 ,2.50 ,0.099 ,-,-,-,O,,450/24,X,,,204,252,1.4 ,,7KA1
2,7.95 ,1.91 ,2.50 ,0.099 ,-,-,-,O,,450/24,X,,,194,253,1.9 ,,7KA1
3,7.95 ,1.91 ,2.50 ,0.099 ,-,-,-,O,,450/24,X,,,196,255,1.8 ,,7KA1
4,7.95 ,1.91 ,2.50 ,0.099 ,-,-,-,O,,450/24,X,,,195,271,2.6 ,,7KA1
5,7.95 ,2.00 ,2.50 ,0.095 ,-,-,-,O,,450/24,X,,,107,209,4.4 ,,7KA2
6,7.95 ,2.00 ,2.50 ,0.095 ,-,-,-,O,,450/24,X,,,108,209,4.7 ,,7KA2
7,7.95 ,2.00 ,2.50 ,0.095 ,-,-,-,O,,450/24,X,,,100,234,8.7 ,,7KA2
8,7.95 ,2.00 ,2.50 ,0.095 ,-,-,-,O,,450/24,X,,,104,224,6.9 ,,7KA2
9,7.88 ,2.45 ,1.97 ,0.110 ,-,-,-,O,,450/24,X,,,184,187,0.6 ,,7KB1
10,7.88 ,2.45 ,1.97 ,0.110 ,-,-,-,O,,450/24,X,,,181,189,0.6 ,,7KB1
11,7.88 ,2.45 ,1.97 ,0.110 ,-,-,-,O,,450/24,X,,,173,176,0.4 ,,7KB1
12,7.89 ,2.50 ,2.03 ,0.077 ,-,-,-,O,,450/24,X,,,105,188,3.2 ,,7KB2
13,7.89 ,2.50 ,2.03 ,0.077 ,-,-,-,O,,450/24,X,,,103,197,3.9 ,,7KB2
14,7.89 ,2.50 ,2.03 ,0.077 ,-,-,-,O,,450/24,X,,,94,218,7.1 ,,7KB2
15,7.89 ,2.50 ,2.03 ,0.077 ,-,-,-,O,,450/24,X,,,97,205,5.1 ,,7KB2
16,7.89 ,2.50 ,2.03 ,0.077 ,-,-,-,O,,450/24,X,,,95,196,4.5 ,,7KB2
17,7.66 ,2.63 ,1.96 ,0.110 ,0.004 ,0.100 ,0.030 ,O,,500/0.16,O,,,357,536,13.0 ,,7068
18,7.66 ,2.63 ,1.96 ,0.110 ,0.004 ,0.100 ,0.030 ,O,,500/0.16,O,,,358,538,12.0 ,,7068
19,7.66 ,2.63 ,1.96 ,0.110 ,0.004 ,0.100 ,0.030 ,O,,500/0.16,O,,120/24,464,560,13.0 ,,7068
20,7.66 ,2.63 ,1.96 ,0.110 ,0.004 ,0.100 ,0.030 ,O,,500/0.16,O,,120/24,466,559,12.0 ,,7068
21,7.66 ,2.63 ,1.96 ,0.110 ,0.004 ,0.100 ,0.030 ,O,,500/0.16,O,450/0.03,120/24,563,602,12.0 ,,7068
22,7.66 ,2.63 ,1.96 ,0.110 ,0.004 ,0.100 ,0.030 ,O,,500/0.16,O,450/0.03,120/24,537,580,13.0 ,,7068
23,7.66 ,2.63 ,1.96 ,0.110 ,0.004 ,0.100 ,0.030 ,O,,500/0.16,O,450/0.03,120/24,633,663,10.0 ,,7068
24,7.66 ,2.63 ,1.96 ,0.110 ,0.004 ,0.100 ,0.030 ,O,,500/0.16,O,450/0.08,120/24,650,690,14.0 ,,7068
25,7.66 ,2.63 ,1.96 ,0.110 ,0.004 ,0.100 ,0.030 ,O,,500/0.16,O,450/0.08,120/24,654,693,14.0 ,,7068
26,7.66 ,2.63 ,1.96 ,0.110 ,0.004 ,0.100 ,0.030 ,O,,500/0.16,O,450/0.5,120/24,659,695,11.0 ,,7068
27,7.66 ,2.63 ,1.96 ,0.110 ,0.004 ,0.100 ,0.030 ,O,,500/0.16,O,450/0.5,120/24,664,703,11.0 ,,7068
28,7.66 ,2.63 ,1.96 ,0.110 ,0.004 ,0.100 ,0.030 ,O,,500/0.16,O,450/4,120/24,663,695,11.0 ,,7068
29,7.66 ,2.63 ,1.96 ,0.110 ,0.004 ,0.100 ,0.030 ,O,,500/0.16,O,450/4,120/24,666,704,6.1 ,,7068
30,7.66 ,2.63 ,1.96 ,0.110 ,0.004 ,0.100 ,0.030 ,O,,500/0.16,O,450/24,120/24,663,696,10.0 ,,7068
31,7.66 ,2.63 ,1.96 ,0.110 ,0.004 ,0.100 ,0.030 ,O,,500/0.16,O,450/24,120/24,659,696,11.0 ,,7068
32,7.66 ,2.63 ,1.96 ,0.110 ,0.004 ,0.100 ,0.030 ,O,,500/0.16,O,450/24,120/24,664,698,13.0 ,,7068
33,7.55 ,2.65 ,1.97 ,0.110 ,0.074 ,0.100 ,0.020 ,O,,500/0.16,O,,,257,424,14.0 ,Ti-added,7068
34,7.55 ,2.65 ,1.97 ,0.110 ,0.074 ,0.100 ,0.020 ,O,,500/0.16,O,,,272,435,10.0 ,Ti-added,7068
35,7.55 ,2.65 ,1.97 ,0.110 ,0.074 ,0.100 ,0.020 ,O,,500/0.16,O,,,350,515,11.0 ,Ti-added,7068
36,7.55 ,2.65 ,1.97 ,0.110 ,0.074 ,0.100 ,0.020 ,O,,500/0.16,O,,120/24,335,451,10.0 ,Ti-added,7068
37,7.55 ,2.65 ,1.97 ,0.110 ,0.074 ,0.100 ,0.020 ,O,,500/0.16,O,,120/24,251,382,16.0 ,Ti-added,7068
38,7.55 ,2.65 ,1.97 ,0.110 ,0.074 ,0.100 ,0.020 ,O,,500/0.16,O,,120/24,331,453,10.0 ,Ti-added,7068
39,7.55 ,2.65 ,1.97 ,0.110 ,0.074 ,0.100 ,0.020 ,O,,500/0.16,O,450/0.03,120/24,558,601,14.0 ,Ti-added,7068
40,7.55 ,2.65 ,1.97 ,0.110 ,0.074 ,0.100 ,0.020 ,O,,500/0.16,O,450/0.03,120/24,592,629,12.0 ,Ti-added,7068
41,7.55 ,2.65 ,1.97 ,0.110 ,0.074 ,0.100 ,0.020 ,O,,500/0.16,O,450/0.08,120/24,662,702,15.0 ,Ti-added,7068
42,7.55 ,2.65 ,1.97 ,0.110 ,0.074 ,0.100 ,0.020 ,O,,500/0.16,O,450/0.08,120/24,664,702,15.0 ,Ti-added,7068
43,7.55 ,2.65 ,1.97 ,0.110 ,0.074 ,0.100 ,0.020 ,O,,500/0.16,O,450/0.5,120/24,657,705,13.0 ,Ti-added,7068
44,7.55 ,2.65 ,1.97 ,0.110 ,0.074 ,0.100 ,0.020 ,O,,500/0.16,O,450/0.5,120/24,662,708,13.0 ,Ti-added,7068
45,7.55 ,2.65 ,1.97 ,0.110 ,0.074 ,0.100 ,0.020 ,O,,500/0.16,O,450/4,120/24,680,713,13.0 ,Ti-added,7068
46,7.55 ,2.65 ,1.97 ,0.110 ,0.074 ,0.100 ,0.020 ,O,,500/0.16,O,450/4,120/24,680,711,13.0 ,Ti-added,7068
47,7.55 ,2.65 ,1.97 ,0.110 ,0.074 ,0.100 ,0.020 ,O,,500/0.16,O,450/24,120/24,673,706,11.0 ,Ti-added,7068
48,7.55 ,2.65 ,1.97 ,0.110 ,0.074 ,0.100 ,0.020 ,O,,500/0.16,O,450/24,120/24,671,707,12.0 ,Ti-added,7068
49,7.55 ,2.65 ,1.97 ,0.110 ,0.074 ,0.100 ,0.020 ,O,,500/0.16,O,450/24,25/1500,490,644,19.3 ,Ti-added,7068
50,7.55 ,2.65 ,1.97 ,0.110 ,0.074 ,0.100 ,0.020 ,O,,500/0.16,O,450/24,25/1500,495,646,18.1 ,Ti-added,7068
51,7.55 ,2.65 ,1.97 ,0.110 ,0.074 ,0.100 ,0.020 ,O,,500/0.16,O,450/24,25/5000,538,675,16.7 ,Ti-added,7068
52,7.55 ,2.65 ,1.97 ,0.110 ,0.074 ,0.100 ,0.020 ,O,,500/0.16,O,450/24,25/5000,542,674,14.8 ,Ti-added,7068
53,7.55 ,2.65 ,1.97 ,0.110 ,0.074 ,0.100 ,0.020 ,O,,500/0.16,O,450/24,80/200,650,717,17.0 ,Ti-added,7068
54,7.55 ,2.65 ,1.97 ,0.110 ,0.074 ,0.100 ,0.020 ,O,,500/0.16,O,450/24,80/200,652,718,16.4 ,Ti-added,7068
55,7.55 ,2.65 ,1.97 ,0.110 ,0.074 ,0.100 ,0.020 ,O,,500/0.16,O,450/24,120/24,664,695,16.0 ,Ti-added,7068
56,7.55 ,2.65 ,1.97 ,0.110 ,0.074 ,0.100 ,0.020 ,O,,500/0.16,O,450/24,120/24,667,703,16.5 ,Ti-added,7068
57,7.55 ,2.65 ,1.97 ,0.110 ,0.074 ,0.100 ,0.020 ,O,,500/0.16,O,450/24,150/0.16,491,605,20.6 ,Ti-added,7068
58,7.55 ,2.65 ,1.97 ,0.110 ,0.074 ,0.100 ,0.020 ,O,,500/0.16,O,450/24,150/0.16,505,618,19.9 ,Ti-added,7068
59,7.55 ,2.65 ,1.97 ,0.110 ,0.074 ,0.100 ,0.020 ,O,,500/0.16,O,450/24,150/1,613,664,17.2 ,Ti-added,7068
60,7.55 ,2.65 ,1.97 ,0.110 ,0.074 ,0.100 ,0.020 ,O,,500/0.16,O,450/24,150/1,610,655,15.5 ,Ti-added,7068
61,7.55 ,2.65 ,1.97 ,0.110 ,0.074 ,0.100 ,0.020 ,O,,500/0.16,O,450/24,150/8,654,672,13.7 ,Ti-added,7068
62,7.55 ,2.65 ,1.97 ,0.110 ,0.074 ,0.100 ,0.020 ,O,,500/0.16,O,450/24,150/8,651,670,15.0 ,Ti-added,7068
63,7.55 ,2.65 ,1.97 ,0.110 ,0.074 ,0.100 ,0.020 ,O,,500/0.16,O,450/24,150/8,638,659,13.3 ,Ti-added,7068
64,7.55 ,2.65 ,1.97 ,0.110 ,0.074 ,0.100 ,0.020 ,O,,500/0.16,O,450/24,150/8,639,658,14.3 ,Ti-added,7068
65,7.55 ,2.65 ,1.97 ,0.110 ,0.074 ,0.100 ,0.020 ,O,,500/0.16,O,450/24,150/48,599,620,15.1 ,Ti-added,7068
66,7.55 ,2.65 ,1.97 ,0.110 ,0.074 ,0.100 ,0.020 ,O,,500/0.16,O,450/24,150/48,588,610,13.8 ,Ti-added,7068
67,7.55 ,2.65 ,1.97 ,0.110 ,0.074 ,0.100 ,0.020 ,O,,500/0.16,O,450/24,180/2,607,629,12.8 ,Ti-added,7068
68,7.55 ,2.65 ,1.97 ,0.110 ,0.074 ,0.100 ,0.020 ,O,,500/0.16,O,450/24,180/2,603,628,13.4 ,Ti-added,7068
69,7.55 ,2.65 ,1.97 ,0.110 ,0.074 ,0.100 ,0.020 ,O,,500/0.16,O,450/24,220/0.16,534,577,13.2 ,Ti-added,7068
70,7.55 ,2.65 ,1.97 ,0.110 ,0.074 ,0.100 ,0.020 ,O,,500/0.16,O,450/24,220/0.16,470,535,13.1 ,Ti-added,7068
71,7.65 ,2.59 ,1.95 ,0.110 ,0.040 ,0.110 ,0.030 ,O,,500/0.16,O,,,281,460,11.0 ,UST,7068
72,7.65 ,2.59 ,1.95 ,0.110 ,0.040 ,0.110 ,0.030 ,O,,500/0.16,O,,,269,446,15.0 ,UST,7068
73,7.65 ,2.59 ,1.95 ,0.110 ,0.040 ,0.110 ,0.030 ,O,,500/0.16,O,,120/24,333,449,14.0 ,UST,7068
74,7.65 ,2.59 ,1.95 ,0.110 ,0.040 ,0.110 ,0.030 ,O,,500/0.16,O,,120/24,337,447,10.0 ,UST,7068
75,7.65 ,2.59 ,1.95 ,0.110 ,0.040 ,0.110 ,0.030 ,O,,500/0.16,O,450/24,120/24,665,704,13.0 ,UST,7068
76,7.65 ,2.59 ,1.95 ,0.110 ,0.040 ,0.110 ,0.030 ,O,,500/0.16,O,450/24,120/24,667,706,13.0 ,UST,7068
77,6.70 ,2.00 ,0.80 ,0.050 ,0.150 ,-,-,O,,,X,450/8,150/8,229,311,17.0 ,Al-10Ti,Prop_No1
78,6.70 ,2.00 ,0.80 ,0.050 ,0.150 ,-,-,O,,,X,450/8,150/8,225,306,11.0 ,Al-10Ti,Prop_No1
79,6.00 ,2.00 ,1.50 ,-,0.050 ,-,-,O,,,X,450/8,150/8,421,437,1.3 ,Al-5Ti-B,Prop_No2
80,6.00 ,2.00 ,1.50 ,-,0.050 ,-,-,O,,,X,450/8,150/8,422,433,1.2 ,Al-5Ti-B,Prop_No2
81,6.00 ,2.00 ,1.50 ,-,0.050 ,-,-,O,,,X,470/24,150/8,415,424,1.1 ,Al-5Ti-B,Prop_No2
82,6.00 ,2.00 ,1.50 ,-,0.050 ,-,-,O,,,X,470/24,150/8,415,425,1.1 ,Al-5Ti-B,Prop_No2
83,6.00 ,2.00 ,1.50 ,-,0.050 ,-,-,O,,,X,470/24,150/8,415,417,0.9 ,Al-5Ti-B,Prop_No2
84,6.00 ,2.00 ,1.50 ,-,0.050 ,-,-,O,,,X,470/24,120/24,401,427,1.7 ,Al-5Ti-B,Prop_No2
85,6.00 ,2.00 ,1.50 ,-,0.050 ,-,-,O,,,X,470/24,120/24,400,423,1.4 ,Al-5Ti-B,Prop_No2
86,6.00 ,2.00 ,1.50 ,-,0.050 ,-,-,O,,,X,470/24,120/24,403,426,1.6 ,Al-5Ti-B,Prop_No2
87,6.00 ,2.00 ,1.50 ,-,0.050 ,-,-,O,,,X,470/24,,269,347,7.2 ,Al-5Ti-B,Prop_No2
88,6.00 ,2.00 ,1.50 ,-,0.050 ,-,-,O,,,X,470/24,,258,320,4.8 ,Al-5Ti-B,Prop_No2
89,6.00 ,2.00 ,1.50 ,-,0.030 ,-,-,,O,,X,470/24,,105,310,37.6 ,,
90,6.00 ,2.00 ,1.50 ,-,0.030 ,-,-,,O,,X,470/24,,110,316,32.9 ,,
91,6.00 ,2.00 ,1.50 ,-,0.030 ,-,-,,O,,X,470/24,,110,314,32.7 ,,
92,6.00 ,2.00 ,1.50 ,-,0.030 ,-,-,,O,,X,470/24,,109,303,30.6 ,,
93,6.00 ,2.00 ,1.50 ,-,0.030 ,-,-,,O,,X,470/24,,118,321,35.0 ,,
94,6.00 ,2.00 ,1.50 ,-,0.030 ,-,-,,O,,X,470/24,120/24,553,555,11.6 ,,
95,6.00 ,2.00 ,1.50 ,-,0.030 ,-,-,,O,,X,470/24,120/24,470,538,11.3 ,,
96,6.00 ,2.00 ,1.50 ,-,0.030 ,-,-,,O,,X,470/24,120/24,530,551,7.8 ,,
97,6.00 ,2.00 ,1.50 ,-,0.030 ,-,-,,O,,X,470/24,120/24,477,551,15.1 ,,
98,6.00 ,2.00 ,1.50 ,-,0.030 ,-,-,,O,,X,470/24,120/24,480,552,14.1 ,,
99,6.00 ,2.00 ,1.50 ,-,0.030 ,-,-,,O,,X,470/24,150/8,479,519,5.3 ,,
100,6.00 ,2.00 ,1.50 ,-,0.030 ,-,-,,O,,X,470/24,150/8,499,540,10.4 ,,
101,6.00 ,2.00 ,1.50 ,-,0.030 ,-,-,,O,,X,470/24,150/8,501,543,12.1 ,,
102,6.00 ,2.00 ,1.50 ,-,0.030 ,-,-,,O,,X,470/24,150/8,497,540,12.1 ,,
103,6.00 ,2.00 ,1.50 ,-,0.030 ,-,-,,O,,X,470/24,150/8,477,522,9.5 ,,
104,7.00 ,2.00 ,0.50 ,-,0.030 ,-,-,,O,,X,470/24,,140,330,33.3 ,,
105,7.00 ,2.00 ,0.50 ,-,0.030 ,-,-,,O,,X,470/24,,141,328,33.5 ,,
106,7.00 ,2.00 ,0.50 ,-,0.030 ,-,-,,O,,X,470/24,,147,331,35.0 ,,
107,7.00 ,2.00 ,0.50 ,-,0.030 ,-,-,,O,,X,470/24,,159,349,34.0 ,,
108,7.00 ,2.00 ,0.50 ,-,0.030 ,-,-,,O,,X,470/24,,162,353,34.4 ,,
109,7.00 ,2.00 ,0.50 ,-,0.030 ,-,-,,O,,X,470/24,120/24,495,554,17.0 ,,
110,7.00 ,2.00 ,0.50 ,-,0.030 ,-,-,,O,,X,470/24,120/24,498,557,15.1 ,,
111,7.00 ,2.00 ,0.50 ,-,0.030 ,-,-,,O,,X,470/24,120/24,495,556,16.9 ,,
112,7.00 ,2.00 ,0.50 ,-,0.030 ,-,-,,O,,X,470/24,120/24,496,555,17.6 ,,
113,7.00 ,2.00 ,0.50 ,-,0.030 ,-,-,,O,,X,470/24,120/24,500,561,15.5 ,,
114,7.00 ,2.00 ,0.50 ,-,0.030 ,-,-,,O,,X,470/24,150/8,514,543,10.1 ,,
115,7.00 ,2.00 ,0.50 ,-,0.030 ,-,-,,O,,X,470/24,150/8,507,536,11.8 ,,
116,7.00 ,2.00 ,0.50 ,-,0.030 ,-,-,,O,,X,470/24,150/8,513,542,13.3 ,,
117,7.00 ,2.00 ,0.50 ,-,0.030 ,-,-,,O,,X,470/24,150/8,508,538,6.6 ,,
118,7.00 ,2.00 ,0.50 ,-,0.030 ,-,-,,O,,X,470/24,150/8,547,580,12.8 ,,
119,7.48 ,2.67 ,1.99 ,0.002 ,0.028 ,0.170 ,0.041 ,,O,,X,,,260,353,3.6 ,KIMS,7068
120,7.48 ,2.67 ,1.99 ,0.002 ,0.028 ,0.170 ,0.041 ,,O,,X,,,260,356,3.9 ,KIMS,7068
121,7.48 ,2.67 ,1.99 ,0.002 ,0.028 ,0.170 ,0.041 ,,O,,X,,,262,360,4.0 ,KIMS,7068
122,7.48 ,2.67 ,1.99 ,0.002 ,0.028 ,0.170 ,0.041 ,,O,,X,,,263,361,4.1 ,KIMS,7068
123,7.48 ,2.67 ,1.99 ,0.002 ,0.028 ,0.170 ,0.041 ,,O,,X,,,262,359,3.9 ,KIMS,7068
124,7.48 ,2.67 ,1.99 ,0.002 ,0.028 ,0.170 ,0.041 ,,O,,X,470/24,,383,522,12.4 ,KIMS,7068
125,7.48 ,2.67 ,1.99 ,0.002 ,0.028 ,0.170 ,0.041 ,,O,,X,470/24,,384,527,13.2 ,KIMS,7068
126,7.48 ,2.67 ,1.99 ,0.002 ,0.028 ,0.170 ,0.041 ,,O,,X,470/24,,382,531,14.2 ,KIMS,7068
127,7.48 ,2.67 ,1.99 ,0.002 ,0.028 ,0.170 ,0.041 ,,O,,X,470/24,,382,532,14.7 ,KIMS,7068
128,7.48 ,2.67 ,1.99 ,0.002 ,0.028 ,0.170 ,0.041 ,,O,,X,470/24,,382,537,16.0 ,KIMS,7068
129,7.48 ,2.67 ,1.99 ,0.002 ,0.028 ,0.170 ,0.041 ,,O,,X,470/24,120/24,553,624,11.7 ,KIMS,7068
130,7.48 ,2.67 ,1.99 ,0.002 ,0.028 ,0.170 ,0.041 ,,O,,X,470/24,120/24,551,617,12.4 ,KIMS,7068
131,7.48 ,2.67 ,1.99 ,0.002 ,0.028 ,0.170 ,0.041 ,,O,,X,470/24,120/24,551,630,11.5 ,KIMS,7068
132,7.48 ,2.67 ,1.99 ,0.002 ,0.028 ,0.170 ,0.041 ,,O,,X,470/24,120/24,556,627,9.2 ,KIMS,7068
133,7.48 ,2.67 ,1.99 ,0.002 ,0.028 ,0.170 ,0.041 ,,O,,X,470/24,150/8,583,620,5.4 ,KIMS,7068
134,7.48 ,2.67 ,1.99 ,0.002 ,0.028 ,0.170 ,0.041 ,,O,,X,470/24,150/8,583,623,5.7 ,KIMS,7068
135,7.48 ,2.67 ,1.99 ,0.002 ,0.028 ,0.170 ,0.041 ,,O,,X,470/24,150/8,584,621,6.4 ,KIMS,7068
136,7.48 ,2.67 ,1.99 ,0.002 ,0.028 ,0.170 ,0.041 ,,O,,X,470/24,150/8,583,620,6.9 ,KIMS,7068
137,7.48 ,2.67 ,1.99 ,0.002 ,0.028 ,0.170 ,0.041 ,,O,,X,470/24,150/8,586,622,6.0 ,KIMS,7068
138,7.48 ,2.67 ,1.99 ,0.002 ,0.028 ,0.170 ,0.041 ,,O,470/24,O,,,367,500,18.5 ,KIMS,7068
139,7.48 ,2.67 ,1.99 ,0.002 ,0.028 ,0.170 ,0.041 ,,O,470/24,O,,,315,458,19.6 ,KIMS,7068
140,7.48 ,2.67 ,1.99 ,0.002 ,0.028 ,0.170 ,0.041 ,,O,470/24,O,,,327,500,19.6 ,KIMS,7068
141,7.48 ,2.67 ,1.99 ,0.002 ,0.028 ,0.170 ,0.041 ,,O,470/24,O,,,367,531,19.6 ,KIMS,7068
142,7.48 ,2.67 ,1.99 ,0.002 ,0.028 ,0.170 ,0.041 ,,O,470/24,O,470/24,,160,408,41.7 ,KIMS,7068
143,7.48 ,2.67 ,1.99 ,0.002 ,0.028 ,0.170 ,0.041 ,,O,470/24,O,470/24,,167,408,39.8 ,KIMS,7068
144,7.48 ,2.67 ,1.99 ,0.002 ,0.028 ,0.170 ,0.041 ,,O,470/24,O,470/24,,188,424,39.2 ,KIMS,7068
145,7.48 ,2.67 ,1.99 ,0.002 ,0.028 ,0.170 ,0.041 ,,O,470/24,O,470/24,,190,420,40.5 ,KIMS,7068
146,7.48 ,2.67 ,1.99 ,0.002 ,0.028 ,0.170 ,0.041 ,,O,470/24,O,470/24,,204,431,35.3 ,KIMS,7068
147,7.48 ,2.67 ,1.99 ,0.002 ,0.028 ,0.170 ,0.041 ,,O,470/24,O,470/24,120/24,529,623,22.1 ,KIMS,7068
148,7.48 ,2.67 ,1.99 ,0.002 ,0.028 ,0.170 ,0.041 ,,O,470/24,O,470/24,120/24,530,629,20.4 ,KIMS,7068
149,7.48 ,2.67 ,1.99 ,0.002 ,0.028 ,0.170 ,0.041 ,,O,470/24,O,470/24,120/24,531,624,19.2 ,KIMS,7068
150,7.48 ,2.67 ,1.99 ,0.002 ,0.028 ,0.170 ,0.041 ,,O,470/24,O,470/24,120/24,538,632,19.0 ,KIMS,7068
151,7.48 ,2.67 ,1.99 ,0.002 ,0.028 ,0.170 ,0.041 ,,O,470/24,O,470/24,120/24,532,623,20.2 ,KIMS,7068
152,7.48 ,2.67 ,1.99 ,0.002 ,0.028 ,0.170 ,0.041 ,,O,470/24,O,470/24,150/8,581,632,13.3 ,KIMS,7068
153,7.48 ,2.67 ,1.99 ,0.002 ,0.028 ,0.170 ,0.041 ,,O,470/24,O,470/24,150/8,582,634,14.7 ,KIMS,7068
154,7.48 ,2.67 ,1.99 ,0.002 ,0.028 ,0.170 ,0.041 ,,O,470/24,O,470/24,150/8,578,633,17.4 ,KIMS,7068
155,7.48 ,2.67 ,1.99 ,0.002 ,0.028 ,0.170 ,0.041 ,,O,470/24,O,470/24,150/8,572,630,14.8 ,KIMS,7068
156,7.48 ,2.67 ,1.99 ,0.002 ,0.028 ,0.170 ,0.041 ,,O,470/24,O,470/24,150/8,572,625,12.5 ,KIMS,7068
157,8.70 ,2.80 ,1.90 ,0.020 ,0.040 ,0.070 ,0.010 ,,O,,X,470/24,,354,469,8.7 ,Commercial,7068
158,8.70 ,2.80 ,1.90 ,0.020 ,0.040 ,0.070 ,0.010 ,,O,,X,470/24,,351,462,8.5 ,Commercial,7068
159,8.70 ,2.80 ,1.90 ,0.020 ,0.040 ,0.070 ,0.010 ,,O,,X,470/24,,352,467,9.6 ,Commercial,7068
160,8.70 ,2.80 ,1.90 ,0.020 ,0.040 ,0.070 ,0.010 ,,O,,X,470/24,,356,491,12.6 ,Commercial,7068
161,8.70 ,2.80 ,1.90 ,0.020 ,0.040 ,0.070 ,0.010 ,,O,,X,470/24,,351,477,11.0 ,Commercial,7068
162,8.70 ,2.80 ,1.90 ,0.020 ,0.040 ,0.070 ,0.010 ,,O,,X,470/24,120/24,499,538,1.6 ,Commercial,7068
163,8.70 ,2.80 ,1.90 ,0.020 ,0.040 ,0.070 ,0.010 ,,O,,X,470/24,120/24,494,515,1.2 ,Commercial,7068
164,8.70 ,2.80 ,1.90 ,0.020 ,0.040 ,0.070 ,0.010 ,,O,,X,470/24,120/24,509,545,1.3 ,Commercial,7068
165,8.70 ,2.80 ,1.90 ,0.020 ,0.040 ,0.070 ,0.010 ,,O,,X,470/24,150/8,554,558,1.0 ,Commercial,7068
166,8.70 ,2.80 ,1.90 ,0.020 ,0.040 ,0.070 ,0.010 ,,O,,X,470/24,150/8,556,586,2.3 ,Commercial,7068
167,8.70 ,2.80 ,1.90 ,0.020 ,0.040 ,0.070 ,0.010 ,,O,,X,470/24,150/8,553,584,1.9 ,Commercial,7068
168,8.70 ,2.80 ,1.90 ,0.020 ,0.040 ,0.070 ,0.010 ,,O,,X,470/24,150/8,555,581,1.6 ,Commercial,7068
169,8.70 ,2.80 ,1.90 ,0.020 ,0.040 ,0.070 ,0.010 ,,O,,X,470/24,150/8,553,590,2.7 ,Commercial,7068
170,8.70 ,2.80 ,1.90 ,0.020 ,0.040 ,0.070 ,0.010 ,,O,470/24,O,,,332,500,16.5 ,Commercial,7068
171,8.70 ,2.80 ,1.90 ,0.020 ,0.040 ,0.070 ,0.010 ,,O,470/24,O,,,316,485,16.3 ,Commercial,7068
172,8.70 ,2.80 ,1.90 ,0.020 ,0.040 ,0.070 ,0.010 ,,O,470/24,O,,,332,500,16.5 ,Commercial,7068
173,8.70 ,2.80 ,1.90 ,0.020 ,0.040 ,0.070 ,0.010 ,,O,470/24,O,,,313,466,20.4 ,Commercial,7068
174,8.70 ,2.80 ,1.90 ,0.020 ,0.040 ,0.070 ,0.010 ,,O,470/24,O,470/24,,208,422,31.7 ,Commercial,7068
175,8.70 ,2.80 ,1.90 ,0.020 ,0.040 ,0.070 ,0.010 ,,O,470/24,O,470/24,,208,424,41.0 ,Commercial,7068
176,8.70 ,2.80 ,1.90 ,0.020 ,0.040 ,0.070 ,0.010 ,,O,470/24,O,470/24,,218,430,37.2 ,Commercial,7068
177,8.70 ,2.80 ,1.90 ,0.020 ,0.040 ,0.070 ,0.010 ,,O,470/24,O,470/24,,213,427,42.5 ,Commercial,7068
178,8.70 ,2.80 ,1.90 ,0.020 ,0.040 ,0.070 ,0.010 ,,O,470/24,O,470/24,,217,428,36.3 ,Commercial,7068
179,8.70 ,2.80 ,1.90 ,0.020 ,0.040 ,0.070 ,0.010 ,,O,470/24,O,470/24,120/24,496,576,5.4 ,Commercial,7068
180,8.70 ,2.80 ,1.90 ,0.020 ,0.040 ,0.070 ,0.010 ,,O,470/24,O,470/24,120/24,504,584,6.7 ,Commercial,7068
181,8.70 ,2.80 ,1.90 ,0.020 ,0.040 ,0.070 ,0.010 ,,O,470/24,O,470/24,120/24,495,566,4.6 ,Commercial,7068
182,8.70 ,2.80 ,1.90 ,0.020 ,0.040 ,0.070 ,0.010 ,,O,470/24,O,470/24,120/24,472,569,5.4 ,Commercial,7068
183,8.70 ,2.80 ,1.90 ,0.020 ,0.040 ,0.070 ,0.010 ,,O,470/24,O,470/24,120/24,509,590,6.9 ,Commercial,7068
184,8.70 ,2.80 ,1.90 ,0.020 ,0.040 ,0.070 ,0.010 ,,O,470/24,O,470/24,150/8,529,583,3.2 ,Commercial,7068
185,8.70 ,2.80 ,1.90 ,0.020 ,0.040 ,0.070 ,0.010 ,,O,470/24,O,470/24,150/8,538,579,2.4 ,Commercial,7068
186,8.70 ,2.80 ,1.90 ,0.020 ,0.040 ,0.070 ,0.010 ,,O,470/24,O,470/24,150/8,553,608,5.5 ,Commercial,7068
187,8.70 ,2.80 ,1.90 ,0.020 ,0.040 ,0.070 ,0.010 ,,O,470/24,O,470/24,150/8,536,569,1.7 ,Commercial,7068
188,5.64 ,2.25 ,0.62 ,-,-,-,-,,O,470/24,O,465/2,125/24,585,613,15.8 ,Dongsan,Air slip
189,5.64 ,2.25 ,0.62 ,-,-,-,-,,O,470/24,O,465/2,125/24,584,612,16.0 ,Dongsan,Air slip
190,5.64 ,2.25 ,0.62 ,-,-,-,-,,O,470/24,O,465/2,125/24,583,612,16.9 ,Dongsan,Air slip
191,5.64 ,2.25 ,0.62 ,-,-,-,-,,O,470/24,O,465/2,125/24,584,612,16.2 ,Dongsan,Air slip
192,5.64 ,2.25 ,0.62 ,-,-,-,-,,O,470/24,O,465/2,125/24,584,612,15.7 ,Dongsan,Air slip
193,5.57 ,2.21 ,0.60 ,-,-,-,-,,O,470/24,O,465/2,125/24,562,594,15.9 ,Dongsan,Air slip
194,5.57 ,2.21 ,0.60 ,-,-,-,-,,O,470/24,O,465/2,125/24,560,590,16.0 ,Dongsan,Air slip
195,5.57 ,2.21 ,0.60 ,-,-,-,-,,O,470/24,O,465/2,125/24,562,592,14.0 ,Dongsan,Air slip
196,5.57 ,2.21 ,0.60 ,-,-,-,-,,O,470/24,O,465/2,125/24,566,594,14.9 ,Dongsan,Air slip
197,5.59 ,2.13 ,0.60 ,-,0.065 ,-,-,,O,470/24,O,465/2,125/24,520,549,19.6 ,Dongsan,Air slip
198,5.59 ,2.13 ,0.60 ,-,0.065 ,-,-,,O,470/24,O,465/2,125/24,548,578,19.0 ,Dongsan,Air slip
199,5.59 ,2.13 ,0.60 ,-,0.065 ,-,-,,O,470/24,O,465/2,125/24,548,577,18.0 ,Dongsan,Air slip
200,5.59 ,2.13 ,0.60 ,-,0.065 ,-,-,,O,470/24,O,465/2,125/24,549,579,19.5 ,Dongsan,Air slip
201,5.59 ,2.13 ,0.60 ,-,0.065 ,-,-,,O,470/24,O,465/2,125/24,547,577,18.7 ,Dongsan,Air slip
202,7.46 ,2.40 ,1.92 ,0.100 ,0.026 ,0.120 ,0.027 ,,O,460/48,X,,,223,364,10.0 ,,Saif
203,7.46 ,2.40 ,1.92 ,0.100 ,0.026 ,0.120 ,0.027 ,,O,460/48,O,,,348,521,17.0 ,,Saif
204,7.46 ,2.40 ,1.92 ,0.100 ,0.026 ,0.120 ,0.027 ,,O,460/48,O,,,370,537,16.0 ,,Saif
205,7.46 ,2.40 ,1.92 ,0.100 ,0.026 ,0.120 ,0.027 ,,O,460/48,O,,,369,538,16.0 ,,Saif
206,7.46 ,2.40 ,1.92 ,0.100 ,0.026 ,0.120 ,0.027 ,,O,460/48,O,450/2,,458,638,21.0 ,,Saif
207,7.46 ,2.40 ,1.92 ,0.100 ,0.026 ,0.120 ,0.027 ,,O,460/48,O,460/2,,492,663,19.0 ,,Saif
208,7.46 ,2.40 ,1.92 ,0.100 ,0.026 ,0.120 ,0.027 ,,O,460/48,O,470/2,,495,670,22.0 ,,Saif
209,7.46 ,2.40 ,1.92 ,0.100 ,0.026 ,0.120 ,0.027 ,,O,460/48,O,480/2,,466,649,20.0 ,,Saif
210,7.46 ,2.40 ,1.92 ,0.100 ,0.026 ,0.120 ,0.027 ,,O,460/48,O,480/2,,350,558,18.0 ,,Saif
211,7.46 ,2.40 ,1.92 ,0.100 ,0.026 ,0.120 ,0.027 ,,O,460/48,O,480/2,,346,545,16.0 ,,Saif
212,7.46 ,2.40 ,1.92 ,0.100 ,0.026 ,0.120 ,0.027 ,,O,460/48,O,450/2,120/24,673,710,20.0 ,,Saif
213,7.46 ,2.40 ,1.92 ,0.100 ,0.026 ,0.120 ,0.027 ,,O,460/48,O,460/2,120/24,706,741,17.0 ,,Saif
214,7.46 ,2.40 ,1.92 ,0.100 ,0.026 ,0.120 ,0.027 ,,O,,X,450/2,120/24,520,599,15.0 ,,Saif
215,7.46 ,2.40 ,1.92 ,0.100 ,0.026 ,0.120 ,0.027 ,,O,,X,480/2,120/24,536,626,15.0 ,,Saif
216,7.46 ,2.40 ,1.92 ,0.100 ,0.026 ,0.120 ,0.027 ,,O,460/48,O,480/2,150/8,684,706,16.0 ,,Saif
217,7.46 ,2.40 ,1.92 ,0.100 ,0.026 ,0.120 ,0.027 ,,O,460/48,O,480/2,150/8,652,732,18.0 ,,Saif
218,7.46 ,2.40 ,1.92 ,0.100 ,0.026 ,0.120 ,0.027 ,,O,460/48,O,480/2,150/8,637,721,15.0 ,,Saif
219,7.46 ,2.40 ,1.92 ,0.100 ,0.026 ,0.120 ,0.027 ,,O,460/48,O,480/2,150/16,680,698,17.0 ,,Saif
220,7.46 ,2.40 ,1.92 ,0.100 ,0.026 ,0.120 ,0.027 ,,O,460/48,O,480/2,150/16,676,695,17.0 ,,Saif
221,7.46 ,2.40 ,1.92 ,0.100 ,0.026 ,0.120 ,0.027 ,,O,460/48,O,480/2,150/16,679,697,18.0 ,,Saif
222,7.46 ,2.40 ,1.92 ,0.100 ,0.026 ,0.120 ,0.027 ,,O,460/48,O,480/2,150/48,706,752,16.0 ,,Saif
223,7.46 ,2.40 ,1.92 ,0.100 ,0.026 ,0.120 ,0.027 ,,O,460/48,O,480/2,150/48,703,749,14.0 ,,Saif
224,7.46 ,2.40 ,1.92 ,0.100 ,0.026 ,0.120 ,0.027 ,,O,460/48,O,480/2,150/48,641,719,13.0 ,,Saif
225,7.46 ,2.40 ,1.92 ,0.100 ,0.026 ,0.120 ,0.027 ,,O,460/48,O,480/2,150/72,615,639,15.0 ,,Saif
226,7.46 ,2.40 ,1.92 ,0.100 ,0.026 ,0.120 ,0.027 ,,O,460/48,O,480/2,150/72,620,642,17.0 ,,Saif
227,7.46 ,2.40 ,1.92 ,0.100 ,0.026 ,0.120 ,0.027 ,,O,460/48,O,480/2,150/72,617,639,17.0 ,,Saif